{
  "build": {
    "beforeDevCommand": "",
    "beforeBuildCommand": "",
    "devPath": "../index.html",
    "distDir": "../"
  },
  "package": {
    "productName": "ArtemisOS",
    "version": "1.0.0"
  },
  "tauri": {
    "allowlist": {
      "all": false,
      "dialog": {
        "all": true
      },
      "fs": {
        "all": true,
        "scope": [
          "$HOME/**",
          "$DESKTOP/**",
          "$DOCUMENT/**",
          "$DOWNLOAD/**",
          "$PICTURE/**",
          "$VIDEO/**"
        ]
      },
      "path": {
        "all": true
      },
      "shell": {
        "all": false,
        "open": true
      }
    },
    "windows": [
      {
        "title": "ArtemisOS",
        "width": 1440,
        "height": 900,
        "minWidth": 1024,
        "minHeight": 768,
        "fullscreen": false,
        "resizable": true
      }
    ],
    "security": {
      "csp": null
    },
    "bundle": {
      "active": true,
      "identifier": "com.artemis.os.dev",
      "icon": [
        "icons/32x32.png",
        "icons/128x128.png",
        "icons/128x128@2x.png",
        "icons/icon.icns",
        "icons/icon.ico"
      ]
    }
  }
}
